referral appropriateness,mean,std,count
appropriate,25.08107202680067,21.891973802506605,597
inappropriate,23.466602316602316,20.28002946600181,777
not applicable,28.976331360946745,21.675076938052573,169
