Algorithme,Accuracy,Precision,Recall,F1-score,AUC-ROC
Naive Bayes,0.6450777202072538,0.640933088146408,0.6450777202072538,0.6415247964470763,0.7293354115509681
